id,name,price,discountedPrice,rating,imgUrl,bundle,additionalInfo,type
1,"You Are My Sunshine" Necklace,99.99,49.99,312,https://beekind.shop/cdn/shop/products/sunflower-necklace-bee-kind-shop-jewelry-green-leaf-120_150x150_crop_center.png?v=1647456186|https://beekind.shop/cdn/shop/products/sunflower-necklace-bee-kind-shop-green-finger-gesture-866_150x150_crop_center.jpg?v=1641870844|https://beekind.shop/cdn/shop/products/sunflower-necklace-bee-kind-shop-jewelry-sleeve-540_150x150_crop_center.png?v=1641870844|https://beekind.shop/cdn/shop/products/BeeKindMySunshineSunshineNecklace1_150x150_crop_center.png?v=1647710965|https://beekind.shop/cdn/shop/products/BeeKindMySunshineSunshineNecklace2_150x150_crop_center.png?v=1647710965,Sunflower Necklace|Gift Note and Box|FREE Sticker Pack,"https://cdn.shopify.com/s/files/1/0457/5648/1703/files/Screenshot_2021-10-18_at_17-10-44_ls209983_jpeg_WEBP_Image_1030_x_1029_pixels_Scaled_90_1024x1024.png?v=1634569949^This incredibly unique necklace serves as a symbol of strength, health, happiness, vitality, and prosperity, making it the perfect gift for the sunshine of your life!|https://cdn.shopify.com/s/files/1/0457/5648/1703/files/ezgif-5-e52cbf9622_1024x1024.gif?v=1646276892^Did you know that Sunflowers are one of many flowers that carry and provide vital nutrients that are extremely helpful for keeping bees alive|https://cdn.shopify.com/s/files/1/0457/5648/1703/files/Screenshot_2021-10-18_at_17-11-15_ls209991_jpeg_WEBP_Image_908_x_907_pixels_1024x1024.png?v=1634570015^Wear it as a daily reminder of strength, positivity, and a sense of pride knowing that you contributed to a worldwide cause that impacts us all.",1|7
2,Spinning Sunflower Necklace,99.99,49.99,65,https://beekind.shop/cdn/shop/products/Untitleddesign_18_150x150_crop_center.png?v=1647672166|https://beekind.shop/cdn/shop/products/crystal-sunflower-necklace-bee-kind-shop-jewelry-gesture-927_150x150_crop_center.jpg?v=1647672166|https://beekind.shop/cdn/shop/products/crystal-sunflower-necklace-bee-kind-shop-jewelry-gesture-finger-653_150x150_crop_center.jpg?v=1647672166|https://beekind.shop/cdn/shop/products/crystal-sunflower-necklace-bee-kind-shop-skin-jewelry-purple-374_150x150_crop_center.jpg?v=1647672166|https://beekind.shop/cdn/shop/products/crystal-sunflower-necklace-bee-kind-shop-jewelry-purple-fashion-291_150x150_crop_center.jpg?v=1647672166,Crystal Sunflower Necklace|Gift Note and Box|FREE Sticker Pack,"https://cdn.shopify.com/s/files/1/0457/5648/1703/files/Bee_Kind_Spinning_Necklace_new_1.png?v=1657115245^This incredibly unique necklace serves as a symbol of strength, health, happiness, vitality, and prosperity, making it the perfect gift for the sunshine of your life! |https://cdn.shopify.com/s/files/1/0457/5648/1703/files/Screenshot_2021-10-18_at_18-34-12_lsp06201_jpeg_WEBP_Image_1030_x_1029_pixels.png?v=1634574919^Handmade out of 925 Sterling Silver with 18k gold plating and Zircon Crystal.",1|7
3,Sunflower Heart Necklace,79.99,39.99,21,https://beekind.shop/cdn/shop/products/you-are-my-sunshine-necklace-bee-kind-shop-flower-jewelry-plant-604_150x150_crop_center.png?v=1647456239|https://beekind.shop/cdn/shop/products/you-are-my-sunshine-necklace-bee-kind-shop-jewelry-finger-creative-226_150x150_crop_center.jpg?v=1647456242|https://beekind.shop/cdn/shop/products/you-are-my-sunshine-necklace-bee-kind-shop-skin-lip-chin-838_150x150_crop_center.png?v=1647456245,Sunflower Heart Necklace|Gift Note and Box|FREE Sticker Pack,"https://cdn.shopify.com/s/files/1/0457/5648/1703/files/Bee_Kind_Sunshine_Necklace_1.png?v=1647708064^This incredibly unique necklace serves as a symbol of strength, health, happiness, vitality, and prosperity, making it the perfect gift for the sunshine in your life!|https://cdn.shopify.com/s/files/1/0457/5648/1703/files/Bee_Kind_Sunshine_Necklace_2.png?v=1647708083^Wear it as a daily reminder of strength, positivity, and a sense of pride knowing that you contributed to a worldwide cause that impacts us all.|https://cdn.shopify.com/s/files/1/0457/5648/1703/files/Bee_Kind_Sunshine_Necklace_3.png?v=1647708105^Handmade out of Brass with Silver plating.Nickel-Free, Lead-Free, Cadmium-Free & Hypoallergenic.",1|7
4,"I love You Baby" Necklace,99.99,49.99,9,https://beekind.shop/cdn/shop/products/i-love-you-baby-necklace-bee-kind-shop-wing-jewellery-427_150x150_crop_center.png?v=1647456568|https://beekind.shop/cdn/shop/products/i-love-you-baby-necklace-bee-kind-shop-green-plant-yellow-303_150x150_crop_center.jpg?v=1647456571|https://beekind.shop/cdn/shop/products/i-love-you-baby-necklace-bee-kind-shop-outerwear-shoulder-jewelry-801_150x150_crop_center.jpg?v=1647456574|https://beekind.shop/cdn/shop/products/i-love-you-baby-necklace-bee-kind-shop-street-fashion-jewelry-173_150x150_crop_center.jpg?v=1647456577|https://beekind.shop/cdn/shop/products/i-love-you-baby-necklace-bee-kind-shop-flower-plant-petal-827_150x150_crop_center.jpg?v=1647456580,"I love You Baby" Necklace|Gift Note and Box|FREE Sticker Pack,"https://cdn.shopify.com/s/files/1/0457/5648/1703/files/2eb52646-1831-4ae0-9159-6e4ac21a1faf_1024x1024.jpg?v=1638308981^This incredibly unique necklace serves as a symbol of strength, health, happiness, vitality, and prosperity, making it the perfect gift for your Baby!|https://cdn.shopify.com/s/files/1/0457/5648/1703/files/ezgif-6-7782b806d5f1_480x480.gif?v=1638399056^Did you know that Sunflowers are one of many flowers that carry and provide vital nutrients that are extremely helpful for keeping bees alive?|https://cdn.shopify.com/s/files/1/0457/5648/1703/files/IMG_1839_Facetune_29-11-2021-12-17-03_480x480.jpg?v=1638311074^Wear it as a daily reminder of strength, positivity, and a sense of pride knowing that you contributed to a  worldwide cause that impacts us all.",1|7
5,Baby Bee Necklace,49.99,39.99,14,https://beekind.shop/cdn/shop/products/baby-bee-necklace-kind-shop-insect-pollinator-arthropod-915_150x150_crop_center.png?v=1636301802|https://beekind.shop/cdn/shop/products/baby-bee-necklace-kind-shop-jewelry-amber-gold-162_150x150_crop_center.jpg?v=1636301807|https://beekind.shop/cdn/shop/products/baby-bee-necklace-kind-shop-jewelry-tableware-recipe-384_150x150_crop_center.jpg?v=1636301811,Baby Bee Necklace|Gift Note and Box|FREE Sticker Pack,"https://cdn.shopify.com/s/files/1/0457/5648/1703/files/Screenshot_2021-10-18_at_17-56-08_snapseed-copy-3_jpeg_WEBP_Image_800_x_800_pixels_1024x1024.png?v=1634572666^Baby Bee necklace serves as a symbol of community, brightness, and personal power!|https://cdn.shopify.com/s/files/1/0457/5648/1703/files/Screenshot_2021-10-18_at_17-59-57_snapseed-copy-4_jpeg_WEBP_Image_1030_x_1030_pixels_1024x1024.png?v=1634572871^Handmade out of Brass with gold plating. Nickel-Free, Lead-Free, Cadmium-Free & Hypoallergenic.|https://cdn.shopify.com/s/files/1/0457/5648/1703/files/Screenshot_2021-10-18_at_18-02-37_snapseed-2_jpeg_WEBP_Image_449_x_449_pixels_1024x1024.png?v=1634572980^Wear your Baby Bee Necklace as a daily reminder of strength, positivity, and a sense of pride knowing that you contributed to a worldwide cause that impacts us all.",1|9
6,Blooming Sunflower Necklace,99.99,49.99,8,https://beekind.shop/cdn/shop/products/blooming-sunflower-necklace-bee-kind-shop-flower-plant-jewelry-678_150x150_crop_center.png?v=1647456284|https://beekind.shop/cdn/shop/products/blooming-sunflower-necklace-bee-kind-shop-chin-jewelry-chest-875_150x150_crop_center.jpg?v=1647456286|https://beekind.shop/cdn/shop/products/blooming-sunflower-necklace-bee-kind-shop-arm-jewelry-finger-730_150x150_crop_center.jpg?v=1647456289|https://beekind.shop/cdn/shop/products/blooming-sunflower-necklace-bee-kind-shop-skin-lip-chin-393_150x150_crop_center.jpg?v=1647456292|https://beekind.shop/cdn/shop/products/blooming-sunflower-necklace-bee-kind-shop-skin-chin-jewelry-122_150x150_crop_center.jpg?v=1647456294,Blooming Sunflower Necklace|Gift Note and Box|FREE Sticker Pack,"https://cdn.shopify.com/s/files/1/0457/5648/1703/files/Screenshot_2021-10-18_at_18-47-30_blooming-sunflower_png_WEBP_Image_1200_x_800_pixels_2048x2048.png?v=1634575674^Sunflowers represent strength, vitality, and endurance - everything needed to survive a harsh season of lifeâ€¦",1|7
7,Honeycomb Necklace,59.99,39.99,9,https://beekind.shop/cdn/shop/products/honeycomb-necklace-bee-kind-shop-jewelry-gold-amber-854_150x150_crop_center.png?v=1636301833|https://beekind.shop/cdn/shop/products/honeycomb-necklace-bee-kind-shop-jewelry-gold-amber-502_150x150_crop_center.jpg?v=1636301836|https://beekind.shop/cdn/shop/products/honeycomb-necklace-bee-kind-shop-outerwear-arm-jewelry-485_150x150_crop_center.jpg?v=1636301839|https://beekind.shop/cdn/shop/products/honeycomb-necklace-bee-kind-shop-skin-lip-jewelry-352_150x150_crop_center.jpg?v=1636301842,Honeycomb Necklace|Gift Note and Box|FREE Sticker Pack,"https://cdn.shopify.com/s/files/1/0457/5648/1703/files/Screenshot_2021-10-18_at_18-10-06_2e9a7142-1-copy_jpeg_WEBP_Image_736_x_737_pixels_1024x1024.png?v=1634573494^Honeycomb Necklace serves as a symbol of intelligence, wisdom, inspiration, and clarity!|https://cdn.shopify.com/s/files/1/0457/5648/1703/files/Screenshot_2021-10-18_at_18-10-25_2e9a5957-1-copy-2_jpeg_WEBP_Image_733_x_732_pixels_1024x1024.png?v=1634573503^Handmade out of Brass with 100% real 18k Gold plating.  Nickel-Free, Lead-Free, Cadmium-Free & Hypoallergenic.|https://cdn.shopify.com/s/files/1/0457/5648/1703/files/Screenshot_2021-10-18_at_18-10-40_2e9a0159-copy_jpeg_WEBP_Image_1000_x_1000_pixels_1024x1024.png?v=1634573511^Wear your Honeycomb Necklace as a daily reminder of strength, positivity, and a sense of pride knowing that you contributed to a worldwide cause that impacts us all.",1|9
8,"You Are My Sunshine" Necklace - Silver,99.99,49.99,16,https://beekind.shop/cdn/shop/products/Untitleddesign_7decc4e9-2626-4f12-84b6-d383fafc7c47_150x150_crop_center.png?v=1671069452|https://beekind.shop/cdn/shop/products/Untitleddesign_1_09b60c38-abf4-445d-9472-09c1ae50e20d_150x150_crop_center.png?v=1671069452|https://beekind.shop/cdn/shop/files/Untitleddesign_9485a166-c8fa-45f8-a456-943772b39fcb_150x150_crop_center.png?v=1690680653|https://beekind.shop/cdn/shop/files/Untitleddesign_1_310f551f-51ea-4e97-a025-f8fb192df229_150x150_crop_center.png?v=1690680653|https://beekind.shop/cdn/shop/files/Untitleddesign_2_f4ff7928-cb95-42d3-8b7f-8653f3aef56f_150x150_crop_center.png?v=1690680653,"You Are My Sunshine" Necklace - Silver|Gift Note and Box|FREE Sticker Pack,"https://cdn.shopify.com/s/files/1/0457/5648/1703/files/Untitleddesign_3_e936c2b0-2635-413a-abe5-50e0f57dd025.png?v=1671069500^This incredibly unique necklace serves as a symbol of strength, health, happiness, vitality, and prosperity, making it the perfect gift for the sunshine of your life!|https://beekind.shop/cdn/shop/products/Untitleddesign_1_09b60c38-abf4-445d-9472-09c1ae50e20d_720x.png?v=1671069452^Did you know that Sunflowers are one of many flowers that carry and provide vital nutrients that are extremely helpful for keeping bees alive|https://cdn.shopify.com/s/files/1/0457/5648/1703/files/Untitleddesign_4.png?v=1671069533^Wear it as a daily reminder of strength, positivity, and a sense of pride knowing that you contributed to a worldwide cause that impacts us all.",1|7
9,"You Are My Sunshine" Daisy Necklace,99.99,49.99,16,https://beekind.shop/cdn/shop/files/Untitleddesign_ed59c0c4-c8c4-4d44-b47d-c09e402a9062_150x150_crop_center.png?v=1686189574|https://beekind.shop/cdn/shop/products/BeeKindDaisyYouaremysunshineNecklace2_150x150_crop_center.png?v=1689637055|https://beekind.shop/cdn/shop/files/Untitleddesign_1ff830d2-38fb-4b22-a226-f5f38e59457f_150x150_crop_center.png?v=1689637055|https://beekind.shop/cdn/shop/files/Untitleddesign_1_7d3b3d87-2485-48e1-b639-23450fb283fd_150x150_crop_center.png?v=1689637055|https://beekind.shop/cdn/shop/products/BeeKindDaisyYouaremysunshineNecklace1_150x150_crop_center.png?v=1689637055,"You Are My Sunshine" Daisy Necklace|Gift Note and Box|FREE Sticker Pack,"https://beekind.shop/cdn/shop/products/BeeKindDaisyYouaremysunshineNecklace2_720x.png?v=1689637055^This incredibly unique necklace serves as a symbol of purity, innocence, hope, and new beginnings, making it the perfect giftfor the sunshine of your life!|https://cdn.shopify.com/s/files/1/0457/5648/1703/files/BeeKindDaisyYouaremysunshineNecklace1.png?v=1670554897^Did you know that Daisies are one of many flowers that carry and provide vital nutrients that are extremely helpful for keeping bees alive?|https://cdn.shopify.com/s/files/1/0457/5648/1703/files/BeeKindDaisyYouaremysunshineNecklace3.png?v=1670554913^Wear it as a daily reminder of strength, positivity, and a sense of pride knowing that you contributed to a worldwide cause that impacts us all.",1|8
10,Sunflower Choker,39.99,29.99,2,https://beekind.shop/cdn/shop/products/sunflower-choker-bee-kind-shop-sky-natural-jewellery-577_150x150_crop_center.png?v=1647456617|https://beekind.shop/cdn/shop/files/Untitleddesign_fb637497-3859-449b-b604-ed5828699959_150x150_crop_center.png?v=1689637529|https://beekind.shop/cdn/shop/files/Untitleddesign_1_bbb1b922-1f33-4a11-9dc6-742586b0a803_150x150_crop_center.png?v=1689637529,Sunflower Choker|Gift Note and Box|FREE Sticker Pack,"https://cdn.shopify.com/s/files/1/0457/5648/1703/files/Bee_Kind_Sunflower_Choker_1.png?v=1640911374^Brighten your day with our cute Sunflower Choker! The elegant and minimalistic design will be the perfect addition to any outfit.|https://cdn.shopify.com/s/files/1/0457/5648/1703/files/Bee_Kind_Sunflower_Choker_3.png?v=1640911392^Did you know that Sunflowers are one of many flowers that carry and provide vital nutrients that are extremely helpful for keeping bees alive?|https://cdn.shopify.com/s/files/1/0457/5648/1703/files/Bee_Kind_Sunflower_Choker_2_480x480.png?v=1640911406^Wear it as a daily reminder of strength, positivity, and a sense of pride knowing that you contributed to a worldwide cause that impacts us all.",1|7
11,Honey Drop Necklace,149.99,69.99,,https://beekind.shop/cdn/shop/products/honey-drop-necklace-bee-kind-shop-jewelry-gold-402_150x150_crop_center.png?v=1647456438|https://beekind.shop/cdn/shop/products/honey-drop-necklace-bee-kind-shop-arm-jewelry-yellow-735_150x150_crop_center.png?v=1647456444|https://beekind.shop/cdn/shop/products/honey-drop-necklace-bee-kind-shop-nose-skin-lip-387_150x150_crop_center.png?v=1647456451|https://beekind.shop/cdn/shop/products/honey-drop-necklace-bee-kind-shop-amber-jewelry-orange-906_150x150_crop_center.png?v=1647456458|https://beekind.shop/cdn/shop/products/honey-drop-necklace-bee-kind-shop-shoulder-jewelry-finger-677_150x150_crop_center.png?v=1647456463,Honey Drop Necklace|Gift Note and Box|FREE Sticker Pack,"https://cdn.shopify.com/s/files/1/0457/5648/1703/files/Bee_Kind_Honey_Drop_Necklace_close_65d5b1d2-45cc-4535-8e71-986700018420.png?v=1638747442^Dripping in gold honey, the stunning Honey Drop Necklace is an eye-catching, unique design accessory, created to turn heads!|https://cdn.shopify.com/s/files/1/0457/5648/1703/files/Bee_Kind_Honey_Drop_Bundle_3.png?v=1638661385^Handmade out of Brass with 100% real 18k Gold plating. Nickel-Free, Lead-Free, Cadmium-Free & Hypoallergenic.|https://cdn.shopify.com/s/files/1/0457/5648/1703/files/Bee_Kind_Honey_Drop_Necklace_and_Ring_1.png?v=1638660760^Wear it as a daily reminder of strength, positivity, and a sense of pride knowing that you contributed to a worldwide cause that impacts us all.",1|9
12,Lovely Flower Necklace,59.99,39.99,,https://beekind.shop/cdn/shop/products/lovely-flower-necklace-bee-kind-shop-jewelry-liquid-757_150x150_crop_center.png?v=1647456653|https://beekind.shop/cdn/shop/products/lovely-flower-necklace-bee-kind-shop-jewelry-natural-812_150x150_crop_center.png?v=1647456659|https://beekind.shop/cdn/shop/products/lovely-flower-necklace-bee-kind-shop-azure-jewelry-jewellery-445_150x150_crop_center.png?v=1647456665|https://beekind.shop/cdn/shop/products/lovely-flower-necklace-bee-kind-shop-white-azure-bag-310_150x150_crop_center.png?v=1647456671|https://beekind.shop/cdn/shop/products/lovely-flower-necklace-bee-kind-shop-lip-outerwear-arm-710_150x150_crop_center.png?v=1647456677,Lovely Flower Necklace|Gift Note and Box|FREE Sticker Pack,"https://cdn.shopify.com/s/files/1/0457/5648/1703/files/Bee_Kind_Lovely_Flower_Necklace_1.png?v=1643247521^This cute Lovely Flower Necklace symbolizes warmth, passion, prosperity, and love. It will elevate your mood and keep positive energy throughout the day.|https://cdn.shopify.com/s/files/1/0457/5648/1703/files/Bee_Kind_Lovely_Flower_Necklace_2.png?v=1643247546^Handmade out of Stainless Steel with 100% real 18k Gold plating. Nickel-Free, Lead-Free, Cadmium-Free & Hypoallergenic.|https://cdn.shopify.com/s/files/1/0457/5648/1703/files/Bee_Kind_Lovely_Flower_Earrings_4_8735be6a-5148-4a68-83cf-63535435ebce.png?v=1643246746^Wear it as a daily reminder of strength, positivity, and a sense of pride knowing that you contributed to a worldwide cause that impacts us all.",1
13,Fresh Daisy Necklace,79.99,39.99,,https://beekind.shop/cdn/shop/files/BeeKindDaisyBeeNecklace_150x150_crop_center.png?v=1684779233|https://beekind.shop/cdn/shop/products/Untitleddesign_1_17d244d1-5eb4-460d-8345-34d179f14839_150x150_crop_center.png?v=1684779233|https://beekind.shop/cdn/shop/products/Untitleddesign_1_5473e255-c6f5-4ca3-9849-485b5ed45c15_150x150_crop_center.png?v=1684779233,Fresh Daisy Necklace|Gift Note and Box|FREE Sticker Pack,"https://cdn.shopify.com/s/files/1/0457/5648/1703/files/Untitleddesign_2_e0d7c8f4-4620-494d-849a-9a18d5d90467.png?v=1670644388^This incredibly unique necklace serves as a symbol of purity, innocence, hope, and new beginnings, making it the perfect gift for the sunshine of your life!|https://cdn.shopify.com/s/files/1/0457/5648/1703/files/Untitleddesign_3.png?v=1670643810^Did you know that Daisies are one of many flowers that carry and provide vital nutrients that are extremely helpful for keeping bees alive|https://cdn.shopify.com/s/files/1/0457/5648/1703/files/Untitleddesign_21d9a236-15fb-45bd-bf39-9ba0adff873a.png?v=1670644369^Wear it as a daily reminder of strength, positivity, and a sense of pride knowing that you contributed to a worldwide cause that impacts us all.",1|8
14,Rainbow Daisy Pearl Necklace,79.99,39.99,1,https://beekind.shop/cdn/shop/files/BeeKindDaisyPearl_150x150_crop_center.png?v=1684779287|https://beekind.shop/cdn/shop/products/BeeKIndDaisyPearlNecklace1_150x150_crop_center.png?v=1684779287|https://beekind.shop/cdn/shop/products/Untitleddesign_1_150x150_crop_center.png?v=1684779287|https://beekind.shop/cdn/shop/products/Untitleddesign_2_150x150_crop_center.png?v=1684779287,Rainbow Daisy Pearl Necklace|Gift Note and Box|FREE Sticker Pack,,1|8
15,Cherry Blossom Necklace,79.99,39.99,,https://beekind.shop/cdn/shop/files/a68cc9f4-60cb-4809-97d9-e4f9f25a36e6_150x150_crop_center.jpg?v=1689626875|https://beekind.shop/cdn/shop/files/Untitleddesign_5017d124-c648-454d-8de7-310c0e200efc_150x150_crop_center.png?v=1689631256|https://beekind.shop/cdn/shop/files/Untitleddesign_1_e8d16e52-f49c-4ea7-ad29-66dd6cbafddb_150x150_crop_center.png?v=1689631256,Cherry Blossom Necklace|Gift Note and Box|FREE Sticker Pack,"https://cdn.shopify.com/s/files/1/0457/5648/1703/files/Untitleddesign_2_857269e6-a36b-4aa5-951a-a5c51991152d_1024x1024.png?v=1689631290^This incredibly unique necklace serves as a symbol of vitality, vibrancy, and new beginnings, making it the perfect gift for the sunshine of your life!|https://cdn.shopify.com/s/files/1/0457/5648/1703/files/Untitleddesign_3_477f3c45-f81f-40db-8980-ccbcff98e14f_1024x1024.png?v=1689631311^Made from eco-friendly, 100% recycled materials. Our Cherry Blossom Necklace is also Nickel-Free, Lead-Free, Cadmium-Free & Hypoallergenic.|https://cdn.shopify.com/s/files/1/0457/5648/1703/files/Untitleddesign_f36edad0-ce56-4002-a067-e12c270b4d7e_1024x1024.png?v=1689631403^Wear it as a daily reminder of strength, positivity, and a sense of pride knowing that you contributed to a worldwide cause that impacts us all.",1
16,Spinning Bee & Sunflower Ring,79.99,39.99,32,https://beekind.shop/cdn/shop/products/Sc44cbd1e6b3f465bb8956b4d17a8a66dS_150x150_crop_center.jpg?v=1658681179|https://beekind.shop/cdn/shop/products/BeeKindSpinningBeeandSunflowerRing1_150x150_crop_center.png?v=1658681179|https://beekind.shop/cdn/shop/products/BeeKindSpinningBeeandSunflowerRing2_150x150_crop_center.png?v=1658681179|https://beekind.shop/cdn/shop/files/SpinningBeeSunflowerRing_Necklace_150x150_crop_center.png?v=1701135361,Adjustable Spinning Ring|Gift Note and Box|FREE Sticker Pack,"https://cdn.shopify.com/s/files/1/0457/5648/1703/files/ezgif-5-148a41136f.gif?v=1659049993^Discover the secret to peace of mind with our spinning ring. Combat anxiety, nail-biting, and stress as you spin your worries away.|https://cdn.shopify.com/s/files/1/0457/5648/1703/files/Bee_Kind_Spinning_Bee_and_Sunflower_Ring_3.png?v=1658615034^Adjustable for a perfect fit and unparalleled comfort, our rings are designed to bring tranquility to your fingertips.|https://cdn.shopify.com/s/files/1/0457/5648/1703/files/Bee_Kind_Spinning_Bee_and_Sunflower_Ring_4.png?v=1658615253^Wear it as a daily reminder of strength, positivity, and a sense of pride knowing that you contributed to a worldwide cause that impacts us all.",2|7|9
17,Spinning Sunflower Ring,79.99,39.99,30,https://beekind.shop/cdn/shop/products/16_150x150_crop_center.png?v=1658873470|https://beekind.shop/cdn/shop/products/17_150x150_crop_center.png?v=1658873470|https://beekind.shop/cdn/shop/products/BeeKindSpinningSunflowerRing1_150x150_crop_center.png?v=1658873470|https://beekind.shop/cdn/shop/products/BeeKindSpinningSunflowerRing2_150x150_crop_center.png?v=1658873470|https://beekind.shop/cdn/shop/products/BeeKindSpinningSunflowerRing3_150x150_crop_center.png?v=1658873470,Adjustable Spinning Ring|Gift Note and Box|FREE Sticker Pack,"https://cdn.shopify.com/s/files/1/0457/5648/1703/files/ezgif-5-03b977e6b1.gif?v=1658450877^Discover the secret to peace of mind with our spinning ring. Combat anxiety, nail-biting, and stress as you spin your worries away.|https://cdn.shopify.com/s/files/1/0457/5648/1703/files/Bee_Kind_Spinning_Sunflower_Ring_Funnel_1.png?v=1657111809^Adjustable for a perfect fit and unparalleled comfort, our rings are designed to bring tranquility to your fingertips.|https://cdn.shopify.com/s/files/1/0457/5648/1703/files/Bee_Kind_Spinning_Sunflower_Ring_Funnel_2.png?v=1657111834^Wear it as a daily reminder of strength, positivity, and a sense of pride knowing that you contributed to a worldwide cause that impacts us all.",2|7
18,Sunflower Ring,69.99,39.99,12,https://beekind.shop/cdn/shop/products/sunflower-ring-bee-kind-shop-flower-plant-petal-499_150x150_crop_center.png?v=1647456269|https://beekind.shop/cdn/shop/products/sunflower-ring-bee-kind-shop-insect-finger-gesture-133_150x150_crop_center.jpg?v=1647456271|https://beekind.shop/cdn/shop/products/sunflower-ring-bee-kind-shop-jewelry-finger-gesture-905_150x150_crop_center.jpg?v=1647456274|https://beekind.shop/cdn/shop/products/sunflower-ring-bee-kind-shop-skin-jewelry-nail-873_150x150_crop_center.jpg?v=1647456277,Adjustable Sunflower Ring|Gift Note and Box|FREE Sticker Pack,"https://cdn.shopify.com/s/files/1/0457/5648/1703/files/Screenshot_2021-11-03_at_10-52-03_img_9387_facetune_04-10-2021-10-47-54_jpeg_WEBP_Image_1080_x_1080_pixels_1024x1024.png?v=1635933195^This incredibly unique ring serves as a symbol of strength, health, happiness, vitality, and prosperity, making it the perfect gift for the sunshine in your life! |https://cdn.shopify.com/s/files/1/0457/5648/1703/files/Screenshot_2021-11-03_at_10-51-49_ls200004_jpeg_WEBP_Image_1080_x_1079_pixels_1024x1024.png?v=1635933216^Wear it as a daily reminder of strength, positivity, and a sense of pride knowing that you contributed to a worldwide cause that impacts us all.|https://cdn.shopify.com/s/files/1/0457/5648/1703/files/Screenshot_2021-11-03_at_10-51-57_img_5334_facetune_11-09-2021-13-30-31_jpeg_WEBP_Image_1080_x_1080_pixels_1024x1024.png?v=1635933241^Handmade out of Brass with Silver plating.  Nickel-Free, Lead-Free, Cadmium-Free & Hypoallergenic.",2|7
19,Honeycomb Ring,49.99,39.99,6,https://beekind.shop/cdn/shop/products/honeycomb-ring-bee-kind-shop-jewelry-plant-gold-603_150x150_crop_center.png?v=1636301848|https://beekind.shop/cdn/shop/products/honeycomb-ring-bee-kind-shop-skin-people-in-320_150x150_crop_center.jpg?v=1636301850|https://beekind.shop/cdn/shop/products/honeycomb-ring-bee-kind-shop-skin-nail-polish-310_150x150_crop_center.jpg?v=1636301854,Adjustable Honeycomb Ring|Gift Note and Box|FREE Sticker Pack,"https://cdn.shopify.com/s/files/1/0457/5648/1703/files/Screenshot_2021-10-18_at_18-13-56_honey-ring-2_jpeg_WEBP_Image_1030_x_1030_pixels_1024x1024.png?v=1634573735^Honeycomb Ring serves as a symbol of intelligence, wisdom, inspiration, and clarity!|https://cdn.shopify.com/s/files/1/0457/5648/1703/files/Screenshot_2021-10-18_at_18-14-15_honeycomb-ring-1_jpeg_WEBP_Image_1030_x_1030_pixels_1024x1024.png?v=1634574200^Handmade out of Brass with 100% real 18k Gold plating.  Nickel-Free, Lead-Free, Cadmium-Free & Hypoallergenic.|https://cdn.shopify.com/s/files/1/0457/5648/1703/files/Screenshot_2021-10-18_at_18-14-29_honey-ring-3_jpeg_WEBP_Image_1030_x_1030_pixels_1024x1024.png?v=1634574210^Wear it as a daily reminder of strength, positivity, and a sense of pride knowing that you contributed to a worldwide cause that impacts us all.",2|9
20,Honey Drop Ring,99.99,49.99,,https://beekind.shop/cdn/shop/products/honey-drop-ring-bee-kind-shop-jewelry-gold-earrings-752_150x150_crop_center.png?v=1647456503|https://beekind.shop/cdn/shop/products/honey-drop-ring-bee-kind-shop-skin-arm-jewelry-104_150x150_crop_center.png?v=1647456509|https://beekind.shop/cdn/shop/products/honey-drop-ring-bee-kind-shop-skin-lip-smile-280_150x150_crop_center.png?v=1647456514|https://beekind.shop/cdn/shop/products/honey-drop-ring-bee-kind-shop-amber-jewelry-orange-561_150x150_crop_center.png?v=1647456521|https://beekind.shop/cdn/shop/products/honey-drop-ring-bee-kind-shop-jewelry-gesture-finger-758_150x150_crop_center.png?v=1647456527,Adjustable Honey Drop Ring|Gift Note and Box|FREE Sticker Pack,"https://cdn.shopify.com/s/files/1/0457/5648/1703/files/Bee_Kind_Honey_Drop_Ring_1.png?v=1638661843^Dripping in gold honey, the stunning Honey Drop Ring is an eye-catching, unique design accessory, created to turn heads!|https://cdn.shopify.com/s/files/1/0457/5648/1703/files/Bee_Kind_Honey_Drop_Bundle_3.png?v=1638661385^Handmade out of Brass with 100% real 18k Gold plating.  Nickel-Free, Lead-Free, Cadmium-Free & Hypoallergenic.|https://cdn.shopify.com/s/files/1/0457/5648/1703/files/Bee_Kind_Honey_Drop_Ring_and_Necklace_close_2.png?v=1638662005^Wear it as a daily reminder of strength, positivity, and a sense of pride knowing that you contributed to a worldwide cause that impacts us all.",2|9
21,Fresh Daisy Ring,39.99,29.99,,https://beekind.shop/cdn/shop/files/BeeKindDaisyRing_150x150_crop_center.png?v=1684779249|https://beekind.shop/cdn/shop/products/Untitleddesign_1_f9aeb7c0-2866-4065-8fe1-e1e7c53a8286_150x150_crop_center.png?v=1684779249|https://beekind.shop/cdn/shop/products/Untitleddesign_7b752f56-96bc-4f1d-9aeb-3a7c76ab7584_150x150_crop_center.png?v=1684779249,Adjustable Fresh Daisy Ring|Gift Note and Box|FREE Sticker Pack,"https://cdn.shopify.com/s/files/1/0457/5648/1703/files/Untitleddesign_2.png?v=1670643787^This incredibly unique ring serves as a symbol of purity, innocence, hope, and new beginnings, making it the perfect gift for the sunshine of your life!|https://cdn.shopify.com/s/files/1/0457/5648/1703/files/Untitleddesign_3.png?v=1670643810^Did you know that Daisies are one of many flowers that carry and provide vital nutrients that are extremely helpful for keeping  bees alive?|https://cdn.shopify.com/s/files/1/0457/5648/1703/files/Untitleddesign.png?v=1670643825^The size can be easily adjusted for the most comfortable fit on any finger.",2|8
22,Cherry Blossom Ring,49.99,29.99,1,https://beekind.shop/cdn/shop/files/46319390-9d01-4d38-8e15-793345c77148_150x150_crop_center.jpg?v=1689626887|https://beekind.shop/cdn/shop/files/Untitleddesign_1_cda06652-af75-4bda-85f6-3448d674b426_150x150_crop_center.png?v=1689630668|https://beekind.shop/cdn/shop/files/Untitleddesign_3_307e3586-c1e9-4145-8c85-711b120338e3_150x150_crop_center.png?v=1689630672,Cherry Blossom Ring|Gift Note and Box|FREE Sticker Pack,"https://cdn.shopify.com/s/files/1/0457/5648/1703/files/Untitleddesign_1d4ca771-903e-4549-a816-f318537b86fd_1024x1024.png?v=1689630702^This incredibly unique ring serves as a symbol of vitality, vibrancy, and new beginnings, making it the perfect gift for the sunshine of your life!|https://cdn.shopify.com/s/files/1/0457/5648/1703/files/Untitleddesign_2_fa1b7ddc-96fb-4fe8-b2f4-242ed7787564_1024x1024.png?v=1689630723^Made from eco-friendly, 100% recycled materials. Our Cherry Blossom Ring is also Nickel-Free, Lead-Free, Cadmium-Free & Hypoallergenic.|https://cdn.shopify.com/s/files/1/0457/5648/1703/files/Untitleddesig1n_2_ebc3a909-f353-4b22-a487-56de615e243a_1024x1024.png?v=1689630769^The size can be easily adjusted for the most comfortable fit on any finger.",2
23,Bee Kind Bracelet Set,39.99,19.99,170,https://beekind.shop/cdn/shop/products/bee-kind-bracelet-set-shop-flower-green-botany-363_150x150_crop_center.jpg?v=1614993472|https://beekind.shop/cdn/shop/products/bee-kind-bracelet-set-shop-plant-orange-gesture-271_150x150_crop_center.jpg?v=1647456168|https://beekind.shop/cdn/shop/products/bee-kind-bracelet-set-shop-jewelry-necklace-amber-120_150x150_crop_center.jpg?v=1614993479|https://beekind.shop/cdn/shop/products/bee-kind-bracelet-set-shop-jewelry-natural-amber-643_150x150_crop_center.jpg?v=1614993482|https://beekind.shop/cdn/shop/products/5x-bracelet-bundle-bee-kind-shop-arm-jewelry-gesture-352_2f8d83e5-748c-4955-a425-75ec3c95e4e7_150x150_crop_center.jpg?v=1684777221,2x Bee Kind Bracelets|Gift Note and Envelope|FREE Sticker Pack,"https://cdn.shopify.com/s/files/1/0457/5648/1703/files/Screenshot_2021-10-18_at_17-28-11_lsp06129_jpg_WEBP_Image_1030_x_1030_pixels_1024x1024.png?v=1634570931^This incredibly unique bracelet serves as a symbol of strength, health, happiness, vitality, and prosperity.|https://cdn.shopify.com/s/files/1/0457/5648/1703/files/Screenshot_2021-10-18_at_17-27-26_ls209981-3-2-copy_jpeg_WEBP_Image_873_x_872_pixels_1024x1024.png?v=1634570950^Made from eco-friendly, 100% recycled materials. Our Sunflower Bracelets are also Nickel-Free, Lead-Free, Cadmium-Free & Hypoallergenic.|https://cdn.shopify.com/s/files/1/0457/5648/1703/files/Screenshot_2021-10-18_at_17-28-23_lsp06218_jpg_WEBP_Image_1030_x_1029_pixels_1024x1024.png?v=1634570963^The Sunflower Bracelets will remind you that no matter how far away you are from each other, your love is ever-present.",3|7|10
24,Forever Together Bracelet Set,39.99,19.99,8,https://beekind.shop/cdn/shop/products/forever-together-bracelet-set-bee-kind-shop-green-botany-petal-497_150x150_crop_center.png?v=1618260200|https://beekind.shop/cdn/shop/products/forever-together-bracelet-set-bee-kind-shop-christmas-ornament-leaf-165_150x150_crop_center.jpg?v=1618260203|https://beekind.shop/cdn/shop/products/forever-together-bracelet-set-bee-kind-shop-wood-christmas-ornament-390_150x150_crop_center.jpg?v=1618260206|https://beekind.shop/cdn/shop/products/forever-together-bracelet-set-bee-kind-shop-jewelry-necklace-amber-810_150x150_crop_center.jpg?v=1614993577|https://beekind.shop/cdn/shop/products/forever-together-bracelet-set-bee-kind-shop-jewelry-natural-amber-557_150x150_crop_center.jpg?v=1614993580,2x Forever Together Bracelets|Gift Note and Envelope|FREE Sticker Pack,"https://cdn.shopify.com/s/files/1/0457/5648/1703/files/Screenshot_2021-10-18_at_19-44-48_lsp06129_jpg_WEBP_Image_1080_x_1080_pixels_480x480.png?v=1634579116^These incredibly unique bracelets serve as a symbol of strength, health, happiness, vitality, and prosperity.|https://cdn.shopify.com/s/files/1/0457/5648/1703/files/Screenshot_2021-10-18_at_19-44-52_lsp06107_jpeg_WEBP_Image_837_x_836_pixels_480x480.png?v=1634579135^Made from eco-friendly, 100% recycled materials. Our Sunflower Bracelets are also Nickel-Free, Lead-Free, Cadmium-Free & Hypoallergenic.|https://cdn.shopify.com/s/files/1/0457/5648/1703/files/Screenshot_2021-10-18_at_19-44-58_lsp06218_jpg_WEBP_Image_1080_x_1080_pixels_480x480.png?v=1634579146^The Sunflower Bracelets will remind you that no matter how far away you are from each other, your love is ever-present.",3|7|10
25,Bee Bright Bracelet,29.99,14.99,13,https://beekind.shop/cdn/shop/products/bee-bright-bracelet-kind-shop-flower-green-leaf-569_150x150_crop_center.png?v=1636301723|https://beekind.shop/cdn/shop/products/bee-bright-bracelet-kind-shop-party-supply-nail-953_150x150_crop_center.jpg?v=1636301725|https://beekind.shop/cdn/shop/products/bee-bright-bracelet-kind-shop-arm-shoulder-jewelry-291_150x150_crop_center.jpg?v=1636301728,Bee Bright Bracelets|Gift Note and Envelope|FREE Sticker Pack,"https://cdn.shopify.com/s/files/1/0457/5648/1703/files/Screenshot_2021-10-18_at_19-26-18_2e9a3172-copy_jpeg_WEBP_Image_1001_x_999_pixels_1024x1024.png?v=1634578006^Wear it as a daily reminder of strength, positivity, and a sense of pride knowing that you contributed to a worldwide cause that impacts us all.|https://cdn.shopify.com/s/files/1/0457/5648/1703/files/Screenshot_2021-10-18_at_19-26-23_ls209650_jpeg_WEBP_Image_1000_x_1000_pixels_1024x1024.png?v=1634578014^Made from eco-friendly, 100% recycled materials. Our Sunflower Bracelets are also Nickel-Free, Lead-Free, Cadmium-Free Hypoallergenic.",3|7|10
26,5x Bracelet Bundle,99.99,49.99,8,https://beekind.shop/cdn/shop/products/5x-bracelet-bundle-bee-kind-shop-arm-jewelry-gesture-352_720x.jpg?v=1614993643,2x Bee Kind Bracelets|Bee Bright Bracelet|Bee Bold Bracelet|Bee You Bracelet|Golden Bee Bracelet|5 Gift Notes and Envelopes|FREE Sticker Pack,,3|5|7|9|10
27,You Are My Sunshine Bracelet - Tie Wish Believe,19.99,9.99,8,https://beekind.shop/cdn/shop/products/you-are-my-sunshine-bracelet-tie-wish-believe-bee-kind-shop-flower-greeting-botany-176_150x150_crop_center.jpg?v=1618260219|https://beekind.shop/cdn/shop/products/you-are-my-sunshine-bracelet-tie-wish-believe-bee-kind-shop-jewelry-wood-natural-476_150x150_crop_center.jpg?v=1614993629|https://beekind.shop/cdn/shop/products/you-are-my-sunshine-bracelet-tie-wish-believe-bee-kind-shop-flower-green-petal-506_150x150_crop_center.jpg?v=1614993631,You Are My Sunshine Bracelet|Gift Note and Envelope|FREE Sticker Pack,,3|7|10
28,Sunflower Bracelet - Ask Believe Receive,19.99,9.99,6,https://beekind.shop/cdn/shop/products/sunflower-bracelet-ask-believe-receive-bee-kind-shop-plant-botany-flower-707_150x150_crop_center.jpg?v=1614993635|https://beekind.shop/cdn/shop/products/sunflower-bracelet-ask-believe-receive-bee-kind-shop-insect-plant-jewelry-945_150x150_crop_center.jpg?v=1614993637|https://beekind.shop/cdn/shop/products/sunflower-bracelet-ask-believe-receive-bee-kind-shop-flower-plant-petal-841_150x150_crop_center.jpg?v=1614993639,Sunflower Bracelet|Gift Note and Envelope|FREE Sticker Pack,,3|7|10
29,Golden Bee Bracelet,49.99,39.99,9,https://beekind.shop/cdn/shop/products/golden-bee-bracelet-kind-shop-white-jewelry-green-729_150x150_crop_center.jpg?v=1636301692|https://beekind.shop/cdn/shop/products/golden-bee-bracelet-kind-shop-flower-plant-pollinator-693_150x150_crop_center.png?v=1618260151|https://beekind.shop/cdn/shop/products/golden-bee-bracelet-kind-shop-skin-photograph-people-846_150x150_crop_center.jpg?v=1614993509,Golden Bee Bracelet|Gift Note and Envelope|FREE Sticker Pack,,3|9
30,Bee Bold Bracelet,19.99,14.99,8,https://beekind.shop/cdn/shop/products/bee-bold-bracelet-kind-shop-plant-leaf-pollinator-627_150x150_crop_center.jpg?v=1614993535|https://beekind.shop/cdn/shop/products/bee-bold-bracelet-kind-shop-christmas-decoration-ornament-924_150x150_crop_center.jpg?v=1614993538|https://beekind.shop/cdn/shop/products/bee-bold-bracelet-kind-shop-wood-natural-foods-979_150x150_crop_center.jpg?v=1614993540,Bee Bold Bracelet|Gift Note and Envelope|FREE Sticker Pack,"https://cdn.shopify.com/s/files/1/0457/5648/1703/files/Screenshot_2021-10-18_at_19-52-11_lsp05349_jpg_WEBP_Image_1080_x_1080_pixels_1024x1024.png?v=1634579552^Wear your bracelet with pride, knowing that a portion of your purchase|https://cdn.shopify.com/s/files/1/0457/5648/1703/files/Screenshot_2021-10-18_at_19-52-16_il_794xn-1869232513_5uz7_jpg_WEBP_Image_794_x_824_pixels_1024x1024.png?v=1634579561^Made from eco-friendly, 100% recycled materials. Our Bracelets are also Nickel-Free, Lead-Free, Cadmium-Free & Hypoallergenic.",3|9|10
31,Matching Daisies Bracelet Set,29.99,19.99,6,https://beekind.shop/cdn/shop/files/BeeKindDaisyBracelets_150x150_crop_center.png?v=1684779270|https://beekind.shop/cdn/shop/products/matching-daisies-bracelet-set-bee-kind-shop-shoe-arm-jewelry-845_150x150_crop_center.png?v=1684779270|https://beekind.shop/cdn/shop/products/matching-daisies-bracelet-set-bee-kind-shop-white-light-gold-243_150x150_crop_center.png?v=1684779270|https://beekind.shop/cdn/shop/products/matching-daisies-bracelet-set-bee-kind-shop-flower-cloud-arm-701_150x150_crop_center.png?v=1684779270|https://beekind.shop/cdn/shop/products/matching-daisies-bracelet-set-bee-kind-shop-skin-arm-flower-438_150x150_crop_center.png?v=1684779270,2x Daisies Bracelets|Gift Note and Envelope|FREE Sticker Pack,"https://cdn.shopify.com/s/files/1/0457/5648/1703/files/Bee_Kind_Daisy_Bracelets_3.png?v=1639936407^This incredibly unique bracelet set serves as a symbol of purity, innocence, hope, and new beginnings.|https://cdn.shopify.com/s/files/1/0457/5648/1703/files/Bee_Kind_Daisy_Bracelets_2.png?v=1639936424^Made from eco-friendly, 100% recycled materials. Our Daisy Bracelets are also Nickel-Free, Lead-Free, Cadmium-Free & Hypoallergenic.|https://cdn.shopify.com/s/files/1/0457/5648/1703/files/Bee_Kind_Daisy_Bracelets_5.png?v=1639936492^The Daisy Bracelets will remind you that no matter how far away you are from each other, your love is ever-present.",3|8|10
32,Mystery Bracelet,9.99,,,https://beekind.shop/cdn/shop/products/mystery-item-bee-kind-shop-brown-wood-flooring-396_720x.jpg?v=1636301966,A surprise mystery bracelet with the same worthy cause. Comes with a sweet notecard.,,3|10
33,Bee You Bracelet,19.99,14.99,6,https://beekind.shop/cdn/shop/products/bee-you-bracelet-kind-shop-green-leaf-plant-427_150x150_crop_center.jpg?v=1614993544|https://beekind.shop/cdn/shop/products/bee-you-bracelet-kind-shop-plant-table-ingredient-978_150x150_crop_center.jpg?v=1614993546|https://beekind.shop/cdn/shop/products/bee-you-bracelet-kind-shop-food-plant-fruit-423_150x150_crop_center.jpg?v=1614993548,Bee You Bracelet|Gift Note and Envelope|FREE Sticker Pack,"https://cdn.shopify.com/s/files/1/0457/5648/1703/files/Screenshot_2021-10-18_at_19-49-44_lsp05325_jpg_WEBP_Image_1080_x_1080_pixels_1024x1024.png?v=1634579414^Wear your bracelet with pride, knowing that a portion of your purchase is donated to Save The Bees.|https://cdn.shopify.com/s/files/1/0457/5648/1703/files/Screenshot_2021-10-18_at_19-49-53_lsp05327_jpg_WEBP_Image_1080_x_1080_pixels_1024x1024.png?v=1634579425^Made from eco-friendly, 100% recycled materials. Our Daisy Bracelets are also Nickel-Free, Lead-Free, Cadmium-Free & Hypoallergenic.",3|9|10
34,Blooming Sunflower Bracelet,79.99,39.99,,https://beekind.shop/cdn/shop/products/blooming-sunflower-bracelet-bee-kind-shop-jewelry-plant-ornament-192_150x150_crop_center.png?v=1647456373|https://beekind.shop/cdn/shop/products/blooming-sunflower-bracelet-bee-kind-shop-jewelry-gesture-engagement-526_150x150_crop_center.jpg?v=1647456376|https://beekind.shop/cdn/shop/products/blooming-sunflower-bracelet-bee-kind-shop-jewelry-gesture-finger-371_150x150_crop_center.png?v=1647456380|https://beekind.shop/cdn/shop/products/blooming-sunflower-bracelet-bee-kind-shop-skin-arm-shoulder-421_150x150_crop_center.jpg?v=1647456382|https://beekind.shop/cdn/shop/products/blooming-sunflower-bracelet-bee-kind-shop-skin-arm-leaf-357_150x150_crop_center.jpg?v=1647456384,Blooming Sunflower Bracelet|Gift Note and Envelope|FREE Sticker Pack,,3|7
35,You Are My Sunshine Bracelet - Ask Believe Receive,19.99,9.99,4,https://beekind.shop/cdn/shop/products/you-are-my-sunshine-bracelet-ask-believe-receive-bee-kind-shop-brown-petal-flower-649_150x150_crop_center.jpg?v=1614993623|https://beekind.shop/cdn/shop/products/you-are-my-sunshine-bracelet-ask-believe-receive-bee-kind-shop-natural-wood-finger-745_150x150_crop_center.jpg?v=1614993619,You Are My Sunshine Bracelet|Gift Note and Envelope|FREE Sticker Pack,,3|7|10
36,Spinning Sunflower Bracelet,79.99,39.99,1,https://beekind.shop/cdn/shop/products/Untitleddesign_2228e5f4-d766-42ce-b18d-2bdd7f93d116_150x150_crop_center.png?v=1671071301|https://beekind.shop/cdn/shop/products/Untitleddesign_3_150x150_crop_center.png?v=1671071301,Spinning Sunflower Bracelet|Gift Note and Envelope|FREE Sticker Pack,"https://cdn.shopify.com/s/files/1/0457/5648/1703/files/Untitleddesign_2_c02faaa1-4d7b-47f5-a20a-92ee4b3dd169.png?v=1671071441^Wear your bracelet with pride, knowing that a portion of your purchase is donated to Save Bees.|https://cdn.shopify.com/s/files/1/0457/5648/1703/files/Untitleddesign_4_7c3be70b-2a80-492f-b4d5-80ac54937d71.png?v=1671071495^This incredibly unique bracelet serves as a symbol of strength, health, happiness, vitality, and prosperity, making it the perfect gift for the sunshine of your life!|https://cdn.shopify.com/s/files/1/0457/5648/1703/files/Untitleddesign_1_3ff4cd5e-82ce-4237-941b-b64be319aed4.png?v=1671071511^The spinning mechanism of the ring will bring calming and relaxing mood to its owner. Handmade out of 925 Sterling Silver with 18k Gold plating and Zircon Crystals.",3|7
37,Lovely Flower Bracelet,49.99,29.99,1,https://beekind.shop/cdn/shop/products/lovely-flower-bracelet-bee-kind-shop-ball-sports-equipment-405_150x150_crop_center.png?v=1647456683|https://beekind.shop/cdn/shop/products/lovely-flower-bracelet-bee-kind-shop-arm-shoulder-dress-446_150x150_crop_center.png?v=1647456689|https://beekind.shop/cdn/shop/products/lovely-flower-bracelet-bee-kind-shop-jewelry-azure-eyewear-761_150x150_crop_center.png?v=1647456696|https://beekind.shop/cdn/shop/products/lovely-flower-bracelet-bee-kind-shop-luggage-bags-shoulder-791_150x150_crop_center.png?v=1647456703|https://beekind.shop/cdn/shop/products/lovely-flower-bracelet-bee-kind-shop-azure-jewelry-jewellery-377_150x150_crop_center.png?v=1647456708,Lovely Flower Bracelet|Gift Note and Envelope|FREE Sticker Pack,"https://cdn.shopify.com/s/files/1/0457/5648/1703/files/Bee_Kind_Lovely_Flower_Bracelet_5.png?v=1643245283^This cute Lovely Flower Bracelet symbolizes warmth, passion, prosperity, and love. It will elevate your mood and keep positive energy throughout the day.|https://cdn.shopify.com/s/files/1/0457/5648/1703/files/Bee_Kind_Lovely_Flower_Bracelet_4.png?v=1643245308^Handmade out of Stainless Steel with 100% real 18k Gold plating. Nickel-Free, Lead-Free, Cadmium-Free & Hypoallergenic.|https://cdn.shopify.com/s/files/1/0457/5648/1703/files/Bee_Kind_Lovely_Flower_Bracelet_6.png?v=1643245364^Wear it as a daily reminder of strength, positivity, and a sense of pride knowing that you contributed to a worldwide cause that impacts us all.",3
38,Cherry Blossom Bangle,79.99,39.99,,https://beekind.shop/cdn/shop/files/0263c39c-f50b-47be-83b4-b7b192913562_150x150_crop_center.jpg?v=1689626849|https://beekind.shop/cdn/shop/files/Untitleddesign_82ff00e5-e020-4b19-a2f4-0bf678b462d7_150x150_crop_center.png?v=1689629114|https://beekind.shop/cdn/shop/files/Untitleddesign_4_6bed65db-ad10-4951-b7f4-43f45c053e51_150x150_crop_center.png?v=1689629118,Cherry Blossom Bangle|Gift Note and Envelope|FREE Sticker Pack,"https://cdn.shopify.com/s/files/1/0457/5648/1703/files/Untitleddesign_1_888a5526-dcc6-4a91-bf8e-52eadef184cf_1024x1024.png?v=1689629133^This incredibly unique bracelet serves as a symbol of vitality, vibrancy, and new beginnings, making it the perfect gift for the sunshine of your life!|https://cdn.shopify.com/s/files/1/0457/5648/1703/files/Untitleddesign_3_3a388eff-3012-4579-b925-748a20078b28_1024x1024.png?v=1689629153^Made from eco-friendly, 100% recycled materials. Our Cherry Blossom Bangle is also Nickel-Free, Lead-Free, Cadmium-Free & Hypoallergenic.|https://cdn.shopify.com/s/files/1/0457/5648/1703/files/Untitleddesign_2_c281623f-f666-41ff-924d-77ce064f8407_1024x1024.png?v=1689629174^Wear it as a daily reminder of strength, positivity, and a sense of pride knowing that you contributed to a worldwide cause that impacts us all.",3
39,Baby Bee Earrings,39.99,29.99,6,https://beekind.shop/cdn/shop/products/baby-bee-earrings-kind-shop-pollinator-insect-plant-102_150x150_crop_center.png?v=1636301818|https://beekind.shop/cdn/shop/products/baby-bee-earrings-kind-shop-skin-eye-insect-849_150x150_crop_center.jpg?v=1636301821|https://beekind.shop/cdn/shop/products/baby-bee-earrings-kind-shop-jewelry-yellow-sports-146_150x150_crop_center.jpg?v=1636301823|https://beekind.shop/cdn/shop/products/baby-bee-earrings-kind-shop-jewelry-amber-jewellery-625_150x150_crop_center.jpg?v=1636301826,Baby Bee Earrings|Gift Note and Box|FREE Sticker Pack,"https://cdn.shopify.com/s/files/1/0457/5648/1703/files/Screenshot_2021-10-18_at_18-05-55_baby-bee-1_jpeg_WEBP_Image_1030_x_1030_pixels_1024x1024.png?v=1634573263^Baby Bee earrings serves as a symbol of community, brightness, and personal power!|https://cdn.shopify.com/s/files/1/0457/5648/1703/files/Screenshot_2021-10-18_at_18-06-22_baby-bee-2_jpeg_WEBP_Image_1030_x_1030_pixels_1024x1024.png?v=1634573286^Handmade out of Brass with gold plating. Nickel-Free, Lead-Free, Cadmium-Free & Hypoallergenic.|https://cdn.shopify.com/s/files/1/0457/5648/1703/files/Screenshot_2021-10-18_at_18-06-34_baby-bee-3_jpeg_WEBP_Image_1030_x_1030_pixels_1024x1024.png?v=1634573297^Wear your Baby Bee Earrings as a daily reminder of strength, positivity, and a sense of pride knowing that you contributed to a worldwide cause that impacts us all.",4|9
40,Blooming Sunflower Earrings,59.99,29.99,3,https://beekind.shop/cdn/shop/products/blooming-sunflower-earrings-bee-kind-shop-flower-petal-plant-677_150x150_crop_center.png?v=1647456365|https://beekind.shop/cdn/shop/products/blooming-sunflower-earrings-bee-kind-shop-hair-eyebrow-shoulder-535_150x150_crop_center.jpg?v=1647456367,Blooming Sunflower Earrings|Gift Note and Box|FREE Sticker Pack,,4|7
41,Spinning Sunflower Earrings,79.99,39.99,2,https://beekind.shop/cdn/shop/products/Untitleddesign_1fc490dc-2f19-46c5-a8ba-23ec5d36669e_150x150_crop_center.png?v=1671071845|https://beekind.shop/cdn/shop/products/Untitleddesign_2_17b9f2c6-538e-4f44-aef2-57feb812fb21_150x150_crop_center.png?v=1671073580,Spinning Sunflower Earrings|Gift Note and Box|FREE Sticker Pack,"https://cdn.shopify.com/s/files/1/0457/5648/1703/files/Untitleddesign_1_dd034292-8a84-4ce2-b871-34cd9e10bc97.png?v=1671073598^Wear your earrings with pride, knowing that a portion of your purchase is donated to Save Bees.|https://cdn.shopify.com/s/files/1/0457/5648/1703/files/Untitleddesign_a32928a1-70a5-46c7-bbc8-6ccbe9748699.png?v=1671073612^These incredibly unique earrings serve as a symbol of strength, health, happiness, vitality, and prosperity, making it the perfect gift for the sunshine of your life!|https://cdn.shopify.com/s/files/1/0457/5648/1703/files/Untitleddesign_3_3876d8ce-78eb-44bc-add6-6ca74645dd39.png?v=1671073628^The spinning mechanism will bring calming and relaxing mood to its owner. Handmade out of 925 Sterling Silver with 18k Gold plating and Zircon Crystals.",4|7
42,Honeycomb Earrings,39.99,29.99,1,https://beekind.shop/cdn/shop/products/honeycomb-earrings-bee-kind-shop-art-symbol-fashion-813_150x150_crop_center.png?v=1636301860|https://beekind.shop/cdn/shop/products/honeycomb-earrings-bee-kind-shop-nose-face-skin-746_150x150_crop_center.jpg?v=1636301862|https://beekind.shop/cdn/shop/products/honeycomb-earrings-bee-kind-shop-flower-plant-eyelash-600_150x150_crop_center.jpg?v=1636301865,Honeycomb Earrings|Gift Note and Box|FREE Sticker Pack,"https://cdn.shopify.com/s/files/1/0457/5648/1703/files/Screenshot_2021-10-18_at_18-25-08_earrings-funnel-2_jpeg_WEBP_Image_1030_x_1030_pixels_1024x1024.png?v=1634574374^Honeycomb Earrings serve as a symbol of intelligence, wisdom, inspiration, and clarity!|https://cdn.shopify.com/s/files/1/0457/5648/1703/files/Screenshot_2021-10-18_at_18-25-13_earrings-funnel_jpeg_WEBP_Image_1030_x_1030_pixels_1024x1024.png?v=1634574402^Handmade out of Brass with 100% real 18k Gold plating.  Nickel-Free, Lead-Free, Cadmium-Free & Hypoallergenic.|https://cdn.shopify.com/s/files/1/0457/5648/1703/files/Screenshot_2021-10-18_at_18-25-18_earrings-funnel-3_jpeg_WEBP_Image_1030_x_1030_pixels_1024x1024.png?v=1634574412^Wear your Honeycomb Earrings as a daily reminder of strength, positivity, and a sense of pride knowing that you contributed to a worldwide cause that impacts us all.",4|9
43,Honey Drop Earrings,99.99,49.99,1,https://beekind.shop/cdn/shop/products/honey-drop-earrings-bee-kind-shop-gesture-art-metal-452_150x150_crop_center.png?v=1647456470|https://beekind.shop/cdn/shop/products/honey-drop-earrings-bee-kind-shop-nose-face-cheek-402_150x150_crop_center.png?v=1647456477|https://beekind.shop/cdn/shop/products/honey-drop-earrings-bee-kind-shop-forehead-hair-nose-445_150x150_crop_center.png?v=1647456483|https://beekind.shop/cdn/shop/products/honey-drop-earrings-bee-kind-shop-nose-skin-lip-346_150x150_crop_center.png?v=1647456489|https://beekind.shop/cdn/shop/products/honey-drop-earrings-bee-kind-shop-nose-skin-lip-100_150x150_crop_center.png?v=1647456495,Honey Drop Earrings|Gift Note and Box|FREE Sticker Pack,"https://cdn.shopify.com/s/files/1/0457/5648/1703/files/Bee_Kind_Honey_Drop_Earring_Small_3cfb5f63-3880-4947-9ee3-aa77d1fff776.png?v=1638661347^Dripping in gold honey, the stunning Honey Drop Earrings are eye-catching, unique design accessories, created to turn heads!|https://cdn.shopify.com/s/files/1/0457/5648/1703/files/Bee_Kind_Honey_Drop_Bundle_3.png?v=1638661385^Handmade out of Brass with 100% real 18k Gold plating. Nickel-Free, Lead-Free, Cadmium-Free & Hypoallergenic.|https://cdn.shopify.com/s/files/1/0457/5648/1703/files/Bee_Kind_Honey_Drop_Earring_Big.png?v=1638661403^Wear it as a daily reminder of strength, positivity, and a sense of pride knowing that you contributed to a worldwide cause that impacts us all.",4|9
44,Lovely Flower Earrings,49.99,29.99,1,https://beekind.shop/cdn/shop/products/lovely-flower-earrings-bee-kind-shop-jewelry-amber-gold-171_150x150_crop_center.png?v=1647456718|https://beekind.shop/cdn/shop/products/lovely-flower-earrings-bee-kind-shop-jewelry-amber-necklace-856_150x150_crop_center.png?v=1647456724|https://beekind.shop/cdn/shop/products/lovely-flower-earrings-bee-kind-shop-azure-hood-gesture-377_150x150_crop_center.png?v=1647456730|https://beekind.shop/cdn/shop/products/lovely-flower-earrings-bee-kind-shop-jewelry-gold-jewellery-261_150x150_crop_center.png?v=1647456736|https://beekind.shop/cdn/shop/products/lovely-flower-earrings-bee-kind-shop-forehead-nose-cheek-660_150x150_crop_center.png?v=1647456742,Lovely Flower Earrings|Gift Note and Box|FREE Sticker Pack,"https://cdn.shopify.com/s/files/1/0457/5648/1703/files/Bee_Kind_Lovely_Flower_Earrings_6.png?v=1643246226^These cute Lovely Flower Earrings symbolize warmth, passion, prosperity, and love. They will elevate your mood and keep positive energy throughout the day.|https://cdn.shopify.com/s/files/1/0457/5648/1703/files/Bee_Kind_Lovely_Flower_Earrings_3.png?v=1643246248^Handmade out of Stainless Steel with 100% real 18k Gold plating. Nickel-Free, Lead-Free, Cadmium-Free & Hypoallergenic.|https://cdn.shopify.com/s/files/1/0457/5648/1703/files/Bee_Kind_Lovely_Flower_Earrings_4.png?v=1643246273^Wear it as a daily reminder of strength, positivity, and a sense of pride knowing that you contributed to a worldwide cause that impacts us all.",4
45,Cherry Blossom Earrings,49.99,29.99,,https://beekind.shop/cdn/shop/files/a49511a4-7fef-4566-a530-88ec631f7437_150x150_crop_center.jpg?v=1689626863|https://beekind.shop/cdn/shop/files/Untitleddesign_2_3672e586-f9e7-4d6c-8d91-6eae004b816c_150x150_crop_center.png?v=1689629972|https://beekind.shop/cdn/shop/files/Untitleddesign_3_f7605922-c007-47e3-bb48-4bde353b23d0_150x150_crop_center.png?v=1689629972,Cherry Blossom Earrings|Gift Note and Box|FREE Sticker Pack,"https://cdn.shopify.com/s/files/1/0457/5648/1703/files/Untitleddesig22n_1024x1024.png?v=1689629998^These incredibly unique earrings symbolize vitality, vibrancy, and new beginnings, making it the perfect gift for the sunshine of your life!|https://cdn.shopify.com/s/files/1/0457/5648/1703/files/Untitleddesign_1_c9937ed5-8617-471e-b78a-88f60f6dcae5_1024x1024.png?v=1689630018^Made from eco-friendly, 100% recycled materials. Our Cherry Blossom Earrings are also Nickel-Free, Lead-Free, Cadmium-Free & Hypoallergenic.|https://cdn.shopify.com/s/files/1/0457/5648/1703/files/Untitleddesig1n_2_1024x1024.png?v=1689630039^Wear them as a daily reminder of strength, positivity, and a sense of pride knowing that you contributed to a  worldwide cause that impacts us all.",4
46,Honey Drop Bundle,299.99,199.99,1,https://beekind.shop/cdn/shop/products/honey-drop-bundle-bee-kind-shop-jewelry-amber-gold-308_150x150_crop_center.png?v=1647456536|https://beekind.shop/cdn/shop/products/honey-drop-bundle-bee-kind-shop-skin-lip-eyebrow-158_150x150_crop_center.png?v=1647456542|https://beekind.shop/cdn/shop/products/honey-drop-bundle-bee-kind-shop-skin-arm-jewelry-125_150x150_crop_center.png?v=1647456550|https://beekind.shop/cdn/shop/products/honey-drop-bundle-bee-kind-shop-nose-skin-lip-851_150x150_crop_center.png?v=1647456556|https://beekind.shop/cdn/shop/products/honey-drop-bundle-bee-kind-shop-nose-skin-lip-601_150x150_crop_center.png?v=1647456561,Honey Drop Necklace|Honey Drop Earrings|Honey Drop Ring|Gift Note and Box|FREE Sticker Pack,"https://cdn.shopify.com/s/files/1/0457/5648/1703/files/Bee_Kind_Honey_Drop_Earring_Big.png?v=1638661403^Dripping in gold honey, the stunning Honey Drop Bundle is an eye-catching, unique design jewelry set, created to turn heads!|https://cdn.shopify.com/s/files/1/0457/5648/1703/files/Bee_Kind_Honey_Drop_Necklace_and_Ring_1.png?v=1638660760^Handmade out of Brass with 100% real 18k Gold plating. Nickel-Free, Lead-Free, Cadmium-Free & Hypoallergenic.|https://cdn.shopify.com/s/files/1/0457/5648/1703/files/Bee_Kind_Honey_Drop_Bundle_3.png?v=1638661385^Wear it as a daily reminder of strength, positivity, and a sense of pride knowing that you contributed to a worldwide cause that impacts us all.",5|9
47,"You Are My Sunshine" Silver Bundle,199.99,99.99,2,https://beekind.shop/cdn/shop/products/you-are-my-sunshine-silver-bundle-bee-kind-shop-plant-white-jewelry-999_150x150_crop_center.png?v=1636301974|https://beekind.shop/cdn/shop/products/you-are-my-sunshine-silver-bundle-bee-kind-shop-arm-jewelry-gesture-386_150x150_crop_center.jpg?v=1636301976|https://beekind.shop/cdn/shop/products/you-are-my-sunshine-silver-bundle-bee-kind-shop-jewelry-finger-creative-250_150x150_crop_center.jpg?v=1636301979|https://beekind.shop/cdn/shop/products/you-are-my-sunshine-silver-bundle-bee-kind-shop-clothing-arm-jewelry-392_150x150_crop_center.jpg?v=1636301982|https://beekind.shop/cdn/shop/products/you-are-my-sunshine-silver-bundle-bee-kind-shop-skin-lip-chin-864_150x150_crop_center.png?v=1636301987,"You Are My Sunshine" Bangle|"You Are My Sunshine" Necklace|Gift Note and Box|FREE Sticker Pack,,5|7
48,Blooming Sunflower Bundle,149.99,99.99,2,https://beekind.shop/cdn/shop/products/blooming-sunflower-bundle-bee-kind-shop-flower-white-leaf-129_150x150_crop_center.png?v=1636301933|https://beekind.shop/cdn/shop/products/blooming-sunflower-bundle-bee-kind-shop-brown-jewelry-gold-150_150x150_crop_center.jpg?v=1636301935|https://beekind.shop/cdn/shop/products/blooming-sunflower-bundle-bee-kind-shop-skin-arm-shoulder-485_150x150_crop_center.jpg?v=1636301938|https://beekind.shop/cdn/shop/products/blooming-sunflower-bundle-bee-kind-shop-hair-eyebrow-shoulder-311_150x150_crop_center.jpg?v=1636301941|https://beekind.shop/cdn/shop/products/blooming-sunflower-bundle-bee-kind-shop-skin-lip-chin-776_150x150_crop_center.jpg?v=1636301944,Blooming Sunflower Necklace|Blooming Sunflower Earrings|Blooming Sunflower Bracelet|Gift Note and Box|FREE Sticker Pack,,5|7
49,Honeycomb Bundle,149.99,99.99,3,https://beekind.shop/cdn/shop/products/honeycomb-bundle-bee-kind-shop-jewelry-gold-art-601_150x150_crop_center.png?v=1636301871|https://beekind.shop/cdn/shop/products/honeycomb-bundle-bee-kind-shop-brown-jewelry-amber-531_150x150_crop_center.jpg?v=1636301873|https://beekind.shop/cdn/shop/products/honeycomb-bundle-bee-kind-shop-nose-skin-lip-889_150x150_crop_center.jpg?v=1636301875,Honeycomb Necklace|Honeycomb Earrings|Honeycomb Adjustable Ring|Gift Note and Box|FREE Sticker Pack,"https://cdn.shopify.com/s/files/1/0457/5648/1703/files/Screenshot_2021-10-18_at_18-29-26_honeycomb-necklace-2_jpeg_WEBP_Image_1030_x_1030_pixels_1024x1024.png?v=1634574684^Honeycomb Set serves as a symbol of intelligence, wisdom, inspiration, and clarity!|https://cdn.shopify.com/s/files/1/0457/5648/1703/files/Screenshot_2021-10-18_at_18-29-30_honeycomb-bundle-3_jpeg_WEBP_Image_1030_x_1030_pixels_1024x1024.png?v=1634574697^Handmade out of Brass with 100% real 18k Gold plating. Nickel-Free, Lead-Free, Cadmium-Free & Hypoallergenic.|https://cdn.shopify.com/s/files/1/0457/5648/1703/files/Screenshot_2021-10-18_at_18-25-18_earrings-funnel-3_jpeg_WEBP_Image_1030_x_1030_pixels_1024x1024.png?v=1634574412^Wear it as a daily reminder of strength, positivity, and a sense of pride knowing that you contributed to a worldwide cause that impacts us all.",5|9
50,Daisy Bundle,199.99,99.99,,https://beekind.shop/cdn/shop/files/BeeKindDaisyBundle_150x150_crop_center.png?v=1684779213|https://beekind.shop/cdn/shop/products/matching-daisies-bracelet-set-bee-kind-shop-shoe-arm-jewelry-845_3bb8c7e4-e122-463a-81e0-316105fb4f80_150x150_crop_center.png?v=1684779213|https://beekind.shop/cdn/shop/products/BeeKIndDaisyPearlNecklace1_4e9b7f89-3442-40e9-92ce-a07bf8014898_150x150_crop_center.png?v=1684779213|https://beekind.shop/cdn/shop/products/Untitleddesign_1_3382a9d4-5758-43e8-8094-5adbf3683063_150x150_crop_center.png?v=1684779213|https://beekind.shop/cdn/shop/products/Untitleddesign_1_6aacffdc-ce72-4695-bff6-168b2558b322_150x150_crop_center.png?v=1684779213,Matching Daisies Bracelet Set|Fresh Daisy Necklace|Fresh Daisy Ring|Rainbow Daisy Pearl Necklace|Gift Note and Box|FREE Sticker Pack,,5|8
51,Lovely Flower Bundle,129.99,79.99,1,https://beekind.shop/cdn/shop/products/lovely-flower-bundle-bee-kind-shop-jewelry-amber-necklace-991_150x150_crop_center.png?v=1647456780|https://beekind.shop/cdn/shop/products/lovely-flower-bundle-bee-kind-shop-forehead-nose-cheek-591_150x150_crop_center.png?v=1647456785|https://beekind.shop/cdn/shop/products/lovely-flower-bundle-bee-kind-shop-outerwear-shoulder-jewelry-500_150x150_crop_center.png?v=1647456790|https://beekind.shop/cdn/shop/products/lovely-flower-bundle-bee-kind-shop-jewelry-natural-necklace-673_150x150_crop_center.png?v=1647456795|https://beekind.shop/cdn/shop/products/lovely-flower-bundle-bee-kind-shop-forehead-nose-skin-235_150x150_crop_center.png?v=1647456800,Lovely Flower Necklace|Lovely Flower Bracelet|Lovely Flower Earrings|Lovely Flower Hair Clip Set|Gift Note and Box|FREE Sticker Pack,"https://cdn.shopify.com/s/files/1/0457/5648/1703/files/Bee_Kind_Lovely_Flower_Earrings_5.png?v=1643246699^This cute Lovely Flower Set symbolizes warmth, passion, prosperity, and love. It will elevate your mood and keep positive energy throughout the day.|https://cdn.shopify.com/s/files/1/0457/5648/1703/files/Bee_Kind_Lovely_Flower_Necklace_2.png?v=1643247546^Handmade out of Brass with 100% real 18k Gold plating. Nickel-Free, Lead-Free, Cadmium-Free & Hypoallergenic.|https://cdn.shopify.com/s/files/1/0457/5648/1703/files/Bee_Kind_Bundle_2.png?v=1643247990^Wear it as a daily reminder of strength, positivity, and a sense of pride knowing that you contributed to a worldwide cause that impacts us all.",5
52,Baby Bee Bundle,89.99,59.99,4,https://beekind.shop/cdn/shop/products/baby-bee-bundle-kind-shop-pollinator-insect-arthropod-381_150x150_crop_center.png?v=1636301882|https://beekind.shop/cdn/shop/products/baby-bee-bundle-kind-shop-jewelry-tableware-recipe-745_150x150_crop_center.jpg?v=1636301885|https://beekind.shop/cdn/shop/products/baby-bee-bundle-kind-shop-jewelry-amber-jewellery-472_150x150_crop_center.jpg?v=1636301887,Baby Bee Necklace|Baby Bee  Earrings|Gift Note and Box|FREE Sticker Pack,,5|9
53,Bee Happy Bundle,39.99,29.99,4,https://beekind.shop/cdn/shop/products/bee-happy-bundle-kind-shop-badge-oval-magenta-260_150x150_crop_center.jpg?v=1647456303|https://beekind.shop/cdn/shop/products/bee-happy-bundle-kind-shop-finger-gesture-art-486_150x150_crop_center.jpg?v=1647456306|https://beekind.shop/cdn/shop/products/bee-happy-bundle-kind-shop-plant-finger-gesture-422_150x150_crop_center.jpg?v=1647456308|https://beekind.shop/cdn/shop/products/bee-happy-bundle-kind-shop-blue-sleeve-shirt-814_150x150_crop_center.jpg?v=1647456312|https://beekind.shop/cdn/shop/products/bee-happy-bundle-kind-shop-green-grass-badge-727_150x150_crop_center.jpg?v=1647456315,Bee Happy Keychain|Bee Happy Pin|Bee Happy Phone Socket|Gift Note and Box|FREE Sticker Pack,,5|9
54,Sticker Mega Pack,29.99,19.99,3,https://beekind.shop/cdn/shop/products/sticker-mega-pack-bee-kind-shop-hair-happy-symbol-834_150x150_crop_center.png?v=1647456640|https://beekind.shop/cdn/shop/products/sticker-mega-pack-bee-kind-shop-pollinator-insect-arthropod-993_150x150_crop_center.png?v=1647456645,,"https://cdn.shopify.com/s/files/1/0457/5648/1703/files/Bee_Kind_Sticker_Pack_4_480x480.png?v=1640909968^Bee Kind Sticker Mega Pack is a guaranteed mood booster! Share the stickers with your loved ones and brighten their day.|https://beekind.shop/cdn/shop/products/sticker-mega-pack-bee-kind-shop-pollinator-insect-arthropod-993_720x.png?v=1647456645^The pack includes our favorite 36 stickers out of the 200 random designs that you can find in every Bee Kind package.|https://cdn.shopify.com/s/files/1/0457/5648/1703/files/Bee_Kind_Sticker_Pack_4_480x480.png?v=1640909968^Display your stickers anywhere (laptop, car...you name it) knowing that you contributed to a worldwide cause that impacts us all.",5|7
55,Bee Kind Shop Digital Gift Card ($50 Value),50,,,https://beekind.shop/cdn/shop/products/bee-kind-shop-digital-gift-card-50-value-00-cards-gesture-petal-cross-247_720x.jpg?v=1647456356,,,6
56,Bee Kind Shop Digital Gift Card ($100 Value),100,,,https://beekind.shop/cdn/shop/products/bee-kind-shop-digital-gift-card-100-value-00-cards-gesture-petal-cross-834_720x.jpg?v=1647456360,,,6
57,Sunflower Gift Bag,5.99,,1,https://beekind.shop/cdn/shop/products/sunflower-gift-bag-bee-kind-shop-brown-flower-wood-253_720x.jpg?v=1636301766,,,7
58,"You Are My Sunshine" Bangle,159.99,79.99,1,https://beekind.shop/cdn/shop/products/you-are-my-sunshine-bangle-bee-kind-shop-jewelry-plant-gesture-402_150x150_crop_center.png?v=1647456399|https://beekind.shop/cdn/shop/products/you-are-my-sunshine-bangle-bee-kind-shop-arm-jewelry-gesture-186_150x150_crop_center.jpg?v=1647456401|https://beekind.shop/cdn/shop/products/you-are-my-sunshine-bangle-bee-kind-shop-clothing-arm-jewelry-625_150x150_crop_center.jpg?v=1647456404|https://beekind.shop/cdn/shop/products/you-are-my-sunshine-bangle-bee-kind-shop-arm-jewelry-dress-191_150x150_crop_center.jpg?v=1647456406|https://beekind.shop/cdn/shop/products/you-are-my-sunshine-bangle-bee-kind-shop-arm-jewelry-gesture-476_150x150_crop_center.jpg?v=1647456408,"You Are My Sunshine" Bangle|Gift Note and Box|FREE Sticker Pack,,3|7
59,Sunflower Anklet,39.99,29.99,2,https://beekind.shop/cdn/shop/products/sunflower-anklet-bee-kind-shop-sky-natural-jewellery-459_150x150_crop_center.png?v=1647456627|https://beekind.shop/cdn/shop/files/nl_150x150_crop_center.png?v=1689637315|https://beekind.shop/cdn/shop/products/sunflower-anklet-bee-kind-shop-jewelry-natural-earrings-380_150x150_crop_center.png?v=1689637315|https://beekind.shop/cdn/shop/products/sunflower-anklet-bee-kind-shop-jewelry-natural-creative-104_150x150_crop_center.png?v=1689637315,Sunflower Anklet|Gift Note and Box|FREE Sticker Pack,,7
60,"You Are My Sunshine" Keychain,59.99,39.99,2,https://beekind.shop/cdn/shop/products/Untitleddesign_dd58ca9c-d0ee-40bb-a777-aeac53a5e3f4_150x150_crop_center.png?v=1671070151|https://beekind.shop/cdn/shop/products/Untitleddesign_2_c4c42358-cd1a-489e-86fa-975b9f997e7c_150x150_crop_center.png?v=1671070151|https://beekind.shop/cdn/shop/products/Untitleddesign_1_7c911b87-02ba-4031-ae43-c252cf584e39_150x150_crop_center.png?v=1671070151,"You Are My Sunshine" Keychain|Gift Note and Box|FREE Sticker Pack,"https://cdn.shopify.com/s/files/1/0457/5648/1703/files/Untitleddesign_4_2056382e-948b-49bb-9e61-c139579e78d0.png?v=1671070172^This incredibly unique keychain serves as a symbol of strength, health, happiness, vitality, and prosperity, making it the perfect gift for the sunshine of your life!|https://cdn.shopify.com/s/files/1/0457/5648/1703/files/Untitleddesign_3_feddc17a-17ab-4347-bd46-f395a92bf5e6.png?v=1671070189^Did you know that Sunflowers are one of many flowers that carry and provide vital nutrients that are extremely helpful for keeping bees alive?|https://cdn.shopify.com/s/files/1/0457/5648/1703/files/777.png?v=1671070205^Wear it as a daily reminder of strength, positivity, and a sense of pride knowing that you contributed to a worldwide cause that impacts us all.",7|11
61,Bee Happy Pin,19.99,9.99,34,https://beekind.shop/cdn/shop/products/bee-happy-pin-kind-shop-eye-gesture-finger-262_150x150_crop_center.jpg?v=1614993496|https://beekind.shop/cdn/shop/products/bee-happy-pin-kind-shop-plant-dishware-sleeve-861_150x150_crop_center.jpg?v=1636301683|https://beekind.shop/cdn/shop/products/bee-happy-pin-kind-shop-gesture-finger-plant-620_150x150_crop_center.jpg?v=1636301686|https://beekind.shop/cdn/shop/products/bee-happy-pin-kind-shop-sleeve-gesture-shirt-943_150x150_crop_center.jpg?v=1636301688|https://beekind.shop/cdn/shop/products/bee-happy-pin-kind-shop-blue-sleeve-shirt-902_150x150_crop_center.jpg?v=1647456176,Bee Happy Pin|Gift Note and Box|FREE Sticker Pack,,9|11
62,Bee Happy Keychain,19.99,14.99,5,https://beekind.shop/cdn/shop/products/bee-happy-keychain-kind-shop-badge-mirror-gas-450_720x.png?v=1618260256,Bee Happy Keychain|Gift Note and Box|FREE Sticker Pack,,9|11
63,Bee Happy Phone Socket,29.99,19.99,1,https://beekind.shop/cdn/shop/products/bee-happy-phone-socket-kind-shop-eye-plant-data-666_150x150_crop_center.jpg?v=1647456421|https://beekind.shop/cdn/shop/products/bee-happy-phone-socket-kind-shop-badge-oval-emblem-238_150x150_crop_center.jpg?v=1647456424|https://beekind.shop/cdn/shop/products/bee-happy-phone-socket-kind-shop-finger-camera-lens-137_150x150_crop_center.jpg?v=1647456427|https://beekind.shop/cdn/shop/products/bee-happy-phone-socket-kind-shop-plant-finger-gesture-545_150x150_crop_center.jpg?v=1647456430|https://beekind.shop/cdn/shop/products/bee-happy-phone-socket-kind-shop-finger-gesture-yellow-855_150x150_crop_center.jpg?v=1647456433,Bee Happy Phone Socket|Gift Note and Box|FREE Sticker Pack,,9|11
64,Plushy Bee,59.99,39.99,18,https://beekind.shop/cdn/shop/files/plushy3_1947f6d6-4a96-4903-a03a-2a0719176767_150x150_crop_center.jpg?v=1697842530|https://beekind.shop/cdn/shop/files/Untitleddesign_150x150_crop_center.jpg?v=1697842530|https://beekind.shop/cdn/shop/files/Untitleddesign_1_150x150_crop_center.jpg?v=1697842530|https://beekind.shop/cdn/shop/files/plushy2_150x150_crop_center.jpg?v=1697842530|https://beekind.shop/cdn/shop/files/Untitleddesign_2_150x150_crop_center.jpg?v=1697842530,Plushy Bee|Gift Note and Box|FREE Sticker Pack,"https://cdn.shopify.com/s/files/1/0457/5648/1703/files/Untitleddesign_6.jpg?v=1697842113^Bees play a crucial role in pollinating our world, and their populations are facing significant challenges. Adopt your own little friend and bee part of the Save The Bees Movement.|https://cdn.shopify.com/s/files/1/0457/5648/1703/files/Untitleddesign_3.jpg?v=1697842081^Not only is the Plushy Bee a delightful addition to your child's playtime, but it also carries a noble mission. It's a toy with a heart, a hug, and a cause â€“ truly a gift that keeps on giving.|https://cdn.shopify.com/s/files/1/0457/5648/1703/files/Untitleddesign_5.jpg?v=1697842044^Crafted with hypoallergenic materials, Plushy Bee is gentle on your child's skin and suitable for every age. Its super-soft and fluffy texture makes it the perfect snuggle buddy for your little ones.",9|11